subject_id	IgE-FHA	IgE-FIM2/3	IgE-PRN	IgE-PT	IgG-FHA	IgG-PRN	IgG-PT	IgG1-FHA	IgG1-FIM2/3	IgG1-PRN	IgG1-PT	IgG2-FHA	IgG2-FIM2/3	IgG2-PRN	IgG2-PT	IgG3-FHA	IgG3-FIM2/3	IgG3-PRN	IgG3-PT	IgG4-FHA	IgG4-FIM2/3	IgG4-PRN	IgG4-PT
34	0.1	4.50378787878788	1.88528138528138	0.1	124.534135641733	268.367998780966	27.5119678097359	12961.9224908045	47565.1313489707	19513.861322239198	2071.24299031511	87.26505883041621	346.266071428571	17.4423791821561	1.09115479115479	244.601711229947	10.1302936194241	9.68709987195903	1.0944089596640099	59.3963294128989	26.431850789096103	80.07446808510642	1.11030110280451
