subject_id	IgE-FHA	IgE-FIM2/3	IgE-PRN	IgE-PT	IgG-FHA	IgG-PRN	IgG-PT	IgG1-FHA	IgG1-FIM2/3	IgG1-PRN	IgG1-PT	IgG2-FHA	IgG2-FIM2/3	IgG2-PRN	IgG2-PT	IgG3-FHA	IgG3-FIM2/3	IgG3-PRN	IgG3-PT	IgG4-FHA	IgG4-FIM2/3	IgG4-PRN	IgG4-PT
7	0.515769944341374	3.2613636363636402	0.9897727272727281	0.1	79.2665183644437	1151.62526494863	16.7612793380249	8175.549213990909	44209.2892817432	15996.9807641913	141.708754602733	627.918564920273	3029.54348940533	84.4781582054309	7.31389986824769	96.9959761549925	37.179502026635795	74.7429323725055	1.61978761978762	366.99922136943604	332.909386068477	1459.3604964114802	8.66778178593741
