subject_id	IgE-FHA	IgE-FIM2/3	IgE-PRN	IgE-PT	IgG-FHA	IgG-PRN	IgG-PT	IgG1-FHA	IgG1-FIM2/3	IgG1-PRN	IgG1-PT	IgG2-FHA	IgG2-FIM2/3	IgG2-PRN	IgG2-PT	IgG3-FHA	IgG3-FIM2/3	IgG3-PRN	IgG3-PT	IgG4-FHA	IgG4-FIM2/3	IgG4-PRN	IgG4-PT
31	1.0	1.0	1.0	1.0	0.5765024284092379	2.13550519598531	0.26619685034766605	1.58221107573868	3.01884548774773	1.8581777020053998	0.652831927923041	1.68084290996385	3.04573508112577	1.6903186695518797	1.0	1.0108463025567	0.9969878498066379	0.466554462999472	1.0	0.43271934432748205	5.77985922389701	2.58754046248656	1.0
