subject_id	IgE-FHA	IgE-FIM2/3	IgE-PRN	IgE-PT	IgG-FHA	IgG-PRN	IgG-PT	IgG1-FHA	IgG1-FIM2/3	IgG1-PRN	IgG1-PT	IgG2-FHA	IgG2-FIM2/3	IgG2-PRN	IgG2-PT	IgG3-FHA	IgG3-FIM2/3	IgG3-PRN	IgG3-PT	IgG4-FHA	IgG4-FIM2/3	IgG4-PRN	IgG4-PT
34	1.0	1.0	1.0	1.0	2.2470751533244	2.10277123265726	1.49945724726771	1.2555874930144701	6.04958201454375	2.14870322283597	2.6360853049494	0.605676869475247	6.07912258759832	0.292044586885926	1.0	10.1314368051706	0.9969878498066379	0.466554462999472	1.0	0.3605994536062361	1.4862495147163701	2.49170563054261	1.0
