subject_id	IgE-FHA	IgE-FIM2/3	IgE-PRN	IgE-PT	IgG-FHA	IgG-PRN	IgG-PT	IgG1-FHA	IgG1-FIM2/3	IgG1-PRN	IgG1-PT	IgG2-FHA	IgG2-FIM2/3	IgG2-PRN	IgG2-PT	IgG3-FHA	IgG3-FIM2/3	IgG3-PRN	IgG3-PT	IgG4-FHA	IgG4-FIM2/3	IgG4-PRN	IgG4-PT
7	1.0	1.0	1.0	1.0	1.43027309732725	9.023447240114939	0.913523232895974	0.7919440460235441	5.62276848038985	1.76145374593236	0.180353713850886	4.35816758486779	53.1873255169746	1.4144508932146298	1.189183378662	4.01758678559003	3.16875176112042	2.76298780487804	1.0	2.2280790750512702	18.719325310844802	45.4114382881088	2.05660175988227
