subject_id	IgE-FHA	IgE-FIM2/3	IgE-PRN	IgE-PT	IgG-FHA	IgG-PRN	IgG-PT	IgG1-FHA	IgG1-FIM2/3	IgG1-PRN	IgG1-PT	IgG2-FHA	IgG2-FIM2/3	IgG2-PRN	IgG2-PT	IgG3-FHA	IgG3-FIM2/3	IgG3-PRN	IgG3-PT	IgG4-FHA	IgG4-FIM2/3	IgG4-PRN	IgG4-PT
31	0.1	3.1526515151515095	0.471320346320346	0.1	31.950080312663196	272.545699186072	4.88416671509845	16333.7859304248	23735.818739503102	16875.3979626616	512.947571167638	242.173447286776	173.484693877551	100.95437647854	0.545577395577396	24.4047058823529	2.6658667419537	2.9599471830985897	0.1	71.2755952954786	102.790530846485	83.1542553191489	1.11030110280451
